data_coleta,destino_id,interesse,origem_1,origem_1_pct,origem_2,origem_2_pct,origem_3,origem_3_pct
2026-10-07,belem,56,pará,100,amapá,14,tocantins,4
2026-10-07,santarem,60,pará,100,amazonas,9,amapá,8
2026-10-07,maraba,63,pará,100,tocantins,11,bahia,7
2026-10-07,alter_do_chao,19,pará,100,amazonas,27,amapá,27
2026-10-07,ilha_do_marajo,4,pará,100,espírito_santo,21,paraíba,20
2026-10-07,salinopolis,18,pará,100,tocantins,22,maranhão,6
2026-10-07,soure,29,pará,100,bahia,36,amapá,13
2026-10-07,salvaterra,13,pará,100,minas_gerais,9,ceará,2
2026-10-07,mosqueiro,13,pará,100,sergipe,62,amapá,10
2026-10-07,monte_alegre,60,sergipe,100,pará,96,rio_grande_do_norte,88
2026-10-07,algodoal,3,pará,100,são_paulo,9,rio_de_janeiro,4
2026-10-07,obidos,11,pará,100,amazonas,23,distrito_federal,4
2026-10-07,parauapebas,64,pará,100,tocantins,4,maranhão,4
2026-10-07,castanhal,61,pará,100,amapá,3,mato_grosso,1
2026-10-07,cameta,25,pará,100,amazonas,4,distrito_federal,3
